{
	"homeUrl": "https://www.czzyvideo.com",
	"header": {
		"User-Agent": "Mozilla/5.0 (Linux; Android 8.1.0; ALP-AL00 Build/HUAWEIALP-AL00; wv) AppleWebKit/537.36 (KHTML, like Gecko) Version/4.0 Chrome/63.0.3239.83 Mobile Safari/537.36 T7/10.13 baiduboxapp/10.13.0.11 (Baidu; P1 8.1.0)"
	},
	"cateManual": {
		"豆瓣电影Top250": "dbtop250",
		"电影": "movie_bt",
		"国产剧": "gcj",
		"美剧": "meijutt",
		"韩剧": "hanjutv",
		"动漫": "fanju",
		"剧场版": "dongmanjuchangban",
		"华语电影": "movie_bt/movie_bt_series/huayudianying"
	},
	"list": {
		"region": ["<html>", "</html>"],
		"url": "https://www.czzyvideo.com/{cateId}/page/{catePg}",
		"vod_id": ["href=\"https://www.czzyvideo.com/", ".html"],
		"vod_name": ["alt=\"", "\""],
		"vod_pic": ["data-original=\"", "\"", 0, 0, 2],
		"vod_remarks": ["class=\"jidi\">", "</div>"]
	},
	"detail": {
		"region": ["<html", "</html>"],
		"url": "https://www.czzyvideo.com/{vid}.html",
		"vod_name": ["class=\"moviedteail_tt\">", "</div>"],
		"vod_pic": ["<div class=\"dyimg fl\">", "</div>"],
		"vod_actor": [">主演：", "</li>"],
		"vod_director": [">导演：", "</li>", 0, 0, 8],
		"vod_area": [">地区：", "</a>"],
		"vod_year": [">年份：", "</a>"],
		"vod_type": [">类型：", "</a>"],
		"vod_remarks": ["更新：</span><span class=\"text-red\">", "/"],
		"vod_content": ["class=\"yp_context\">", "</div>"]
	},
	"playlist": {
		"region": ["<div class=\"paly_list_btn\">", "</div>"],
		"sort": 0,
		"url": "https://www.czzyvideo.com/{vid}.html",
		"vod_play_url": ["href=\"https://www.czzyvideo.com/", "\"", 0, 0, 4],
		"vod_play_url_title": [".html\">", "<"],
		"vod_play_from": ["在线观看"]
	},
	"play": {
		"region": ["<html>", "</html>"],
		"keywords": [".mp4", ".m3u8", ".flv"]
	},
	"search": {
		"region": ["<html>", "</html>"],
		"url": "https://www.czzyvideo.com/daoyongjiekoshibushiyoubing?q={wd}",
		"vod_id": ["href=\"https://www.czzyvideo.com/", ".html"],
		"vod_name": ["alt=\"", "\""],
		"vod_pic": ["data-original=\"", "\"", 0, 0, 2],
		"vod_remarks": ["class=\"jidi\">", "</div>"]
	},
	"searchbeiyong": {
		"url": "http://www.hktv03.com/index.php/ajax/suggest?mid=1&wd={wd}",
		"lookback": 3,
		"vod_id": "id",
		"vod_name": "name",
		"vod_pic": "pic"
	}

}
