{
  "name": "骚火电影",
  "url": "https://shdy2.com",
  "ua": "Mozilla/5.0 (Windows NT 10.0; Win64; x64) AppleWebKit/537.36 (KHTML, like Gecko) Chrome/58.0.3029.110 Safari/537.3",
  "shouye": "1",
  "fenlei": "电影$/list/1-#电视剧$/list/2-#动漫$/list/4-#国产剧$/list/20-#港剧$/list/21-#韩剧$/list/22-#美剧$/list/23-#日剧$/list/24-#台剧$/list/26-#喜剧片$/list/6-#动作片$/list/9-#恐怖片$/list/8-",
  "houzhui": ".html",
  "shifouercijiequ": "0",
  "jiequqian": "<ul class=\"v_list\">",
  "jiequhou": "</ul>",
  "jiequshuzuqian": "<li>",
  "jiequshuzuhou": "</li>",
  "tupianqian": "data-original=\"",
  "tupianhou": "\"",
  "biaotiqian": "title=\"",
  "biaotihou": "\"",
  "lianjieqian": "<a href=\"",
  "lianjiehou": "\"",
  "fubiaotiqian": "<div class=\"v_note\">",
  "fubiaotihou": "</div>",
  "sousuoqian": "/auete3so.php?searchword=",
  "sousuohou": "",
  "sousuohouzhui": "/vod/detail/id/",
  "ssmoshi": "1",
  "sousuoshifouercijiequ": "0",
  "jspic": "pic",
  "jsname": "name",
  "jsid": "id",
  "ssjiequqian": "myui-vodlist__media clearfix",
  "ssjiequhou": "myui-page text-center clearfix",
  "ssjiequshuzuqian": "<li class=\"clearfix\">",
  "ssjiequshuzuhou": "</li>",
  "sstupianqian": "data-original=\"",
  "sstupianhou": "\"",
  "ssfubiaotiqian": "background-color: #ff9900;\">",
  "ssfubiaotihou": "</span>",
  "ssbiaotiqian": "title=\"",
  "ssbiaotihou": "\"",
  "sslianjieqian": "href=\"",
  "sslianjiehou": "\"",
  "bfshifouercijiequ": "0",
  "bfjiequqian": "空",
  "bfjiequhou": "空",
  "bfjiequshuzuqian": "_list\" id=\"play_link\">",
  "bfjiequshuzuhou": "</ul>",
  "zhuangtaiqian": "影片备注: ",
  "zhuangtaihou": "</p>",
  "leixinqian": "影片分类:",
  "leixinhou": "</p>",
  "niandaiqian": "上映年份: ",
  "niandaihou": "</p>",
  "diquqian": "影片地区: ",
  "diquhou": "</p>",
  "daoyanqian": "导演：",
  "daoyanhou": "/",
  "zhuyanqian": "主演：",
  "zhuyanhou": "\"",
  "juqingqian": "<p class=\"p_txt show_part\">",
  "juqinghou": "</p>",
  "bfyshifouercijiequ": "0",
  "bfyjiequqian": "空",
  "bfyjiequhou": "空",
  "bfyjiequshuzuqian": "<a",
  "bfyjiequshuzuhou": "/a>",
  "bfbiaotiqian": ">",
  "bfbiaotihou": "<",
  "bflianjieqian": "href=\"",
  "bflianjiehou": "\""
}
