{
    "规则名": "555电影",
    "请求头参数": "User-Agent$电脑#Referer$https://wuwu559.space",
    
    "是否开启获取首页数据": "1",
    "首页推荐链接": "https://wuwu559.space",
    "首页列表数组规则": "name == 'a'  && class == 'module-poster-item module-item'",
    "首页片单是否Jsoup写法": "1",
    "首页片单标题": "name == 'a'  && class == 'module-poster-item' && attribute == 'title'",
    "首页片单链接": "name == 'a'  && class == 'module-poster-item' && attribute == 'href'",
    "首页片单图片": "name == 'img'  && class == 'lazy lazyload' && attribute == 'data-original'",
    "首页片单副标题": "name == 'div'  && class == 'module-item-note' && text == true",
    "首页片单链接加前缀": "https://wuwu559.space",
    "首页片单链接加后缀": "",
    "首页片单图片加前缀": "",
    "首页片单图片加后缀": "",
    
    "分类起始页码": "1",
    "分类链接": "https://wuwu559.space/vodshow/{cateId}-{area}-{by}-{class}-----{catePg}---{year}.html",
    "分类名称": "电影#连续剧#动漫#综艺",
    "分类名称替换词": "1#2#4#3",
    "筛选URL编码": "1",
    "筛选子分类名称": "空||全部#热门连续剧#港台剧#日韩剧#欧美剧||空||空",
    "筛选子分类替换词": "空||#13#15#44#45||空||空",
    "筛选类型名称": "全部#Netflix#仙侠#剧情#科幻#动作#喜剧#爱情#冒险#儿童#歌舞#音乐#奇幻#动画#恐怖#惊悚#丧尸#战争#传记#纪录#犯罪#悬疑#西部#灾难#古装#武侠#家庭#短片#校园#文艺#运动#青春#同性#励志#人性#美食#女性#治愈#历史#真人秀#脱口秀||全部#Netflix#短剧#剧情#丧尸#仙侠#穿越#惊悚#恐怖#言情#科幻#动作#喜剧#爱情#偶像#都市#军旅#谍战#罪案#宫廷#冒险#儿童#歌舞#音乐#奇幻#动画#战争#传记#记录#犯罪#悬疑#西部#灾难#古装#武侠#家庭#短片#校园#文艺#运动#青春#同性#励志#人性#美食#女性#治愈#历史#真人秀#脱口秀||全部#Netflix#热血#科幻#美少女#魔幻#经典#励志#少儿#冒险#搞笑#推理#恋爱#治愈#幻想#校园#动物#机战#亲子#儿歌#运动#悬疑#怪物#战争#益智#青春#童话#竞技#动作#社会#友情#真人版#电影版#OVA版#TV版#新番动画#完结动画||全部#Netflix#脱口秀#真人秀#选秀#八卦#访谈#情感#生活#晚会#搞笑#音乐#时尚#游戏#少儿#体育#纪实#科教#曲艺#歌舞#财经#汽车#播报#其他",
    "筛选类型替换词": "#Netflix#仙侠#剧情#科幻#动作#喜剧#爱情#冒险#儿童#歌舞#音乐#奇幻#动画#恐怖#惊悚#丧尸#战争#传记#纪录#犯罪#悬疑#西部#灾难#古装#武侠#家庭#短片#校园#文艺#运动#青春#同性#励志#人性#美食#女性#治愈#历史#真人秀#脱口秀||#Netflix#短剧#剧情#丧尸#仙侠#穿越#惊悚#恐怖#言情#科幻#动作#喜剧#爱情#偶像#都市#军旅#谍战#罪案#宫廷#冒险#儿童#歌舞#音乐#奇幻#动画#战争#传记#记录#犯罪#悬疑#西部#灾难#古装#武侠#家庭#短片#校园#文艺#运动#青春#同性#励志#人性#美食#女性#治愈#历史#真人秀#脱口秀||#Netflix#热血#科幻#美少女#魔幻#经典#励志#少儿#冒险#搞笑#推理#恋爱#治愈#幻想#校园#动物#机战#亲子#儿歌#运动#悬疑#怪物#战争#益智#青春#童话#竞技#动作#社会#友情#真人版#电影版#OVA版#TV版#新番动画#完结动画||#Netflix#脱口秀#真人秀#选秀#八卦#访谈#情感#生活#晚会#搞笑#音乐#时尚#游戏#少儿#体育#纪实#科教#曲艺#歌舞#财经#汽车#播报#其他",
    "筛选地区名称": "全部#大陆#香港#台湾#美国#日本#韩国#英国#法国#德国#印度#泰国#丹麦#瑞典#巴西#加拿大#俄罗斯#意大利#比利时#爱尔兰#西班牙#澳大利亚||全部#大陆#香港#韩国#美国#日本#法国#英国#德国#台湾#泰国#印度#其他||全部#大陆#日本#欧美#其他||全部#大陆#韩国#香港#台湾#美国#其它",
    "筛选地区替换词": "#大陆#香港#台湾#美国#日本#韩国#英国#法国#德国#印度#泰国#丹麦#瑞典#巴西#加拿大#俄罗斯#意大利#比利时#爱尔兰#西班牙#澳大利亚||#大陆#香港#韩国#美国#日本#法国#英国#德国#台湾#泰国#印度#其他||#大陆#日本#欧美#其他||#大陆#韩国#香港#台湾#美国#其它",
    "筛选年份名称": "全部#2024#2023#2022#2021#2020#2019#2018#2017#2016#2015#2014#2013#2012#2011#2010#2009#2008#2007",
    "筛选年份替换词": "#2024#2023#2022#2021#2020#2019#2018#2017#2016#2015#2014#2013#2012#2011#2010#2009#2008#2007",
    "筛选语言名称": "",
    "筛选语言替换词": "",
    "筛选排序名称": "时间#人气#评分",
    "筛选排序替换词": "#hits#score",
    
    "分类列表数组规则": "name == 'a'  && class == 'module-poster-item module-item'",
    "分类片单是否Jsoup写法": "1",
    "分类片单标题":  "name == 'a'  && class == 'module-poster-item' && attribute == 'title'",
    "分类片单链接": "name == 'a'  && class == 'module-poster-item' && attribute == 'href'",
    "分类片单图片": "name == 'img'  && class == 'lazy lazyload' && attribute == 'data-original'",
    "分类片单副标题":"name == 'div'  && class == 'module-item-note' && text == true",
    "分类片单链接加前缀": "https://wuwu559.space",
    "分类片单链接加后缀": "",
    "分类片单图片加前缀": "",
    "分类片单图片加后缀": "",
    
    "搜索请求头参数": "User-Agent$电脑#Referer$https://wuwu559.space",
    "搜索链接": "https://wuwu559.space/index.php/ajax/suggest?mid=1&wd={wd}",
    "POST请求数据": "",
    "搜索截取模式": "0",
    "搜索列表数组规则": "selector == '.search-result-item'",
    "搜索片单是否Jsoup写法": "1",
    "搜索片单图片": "selector == 'div.search-result-item-pic > img' && index == 1 && attribute == 'data-original'",
    "搜索片单标题": "selector == 'div.search-result-item-pic > img' && index == 1 && attribute == 'title'",
    "搜索片单链接": "name == 'a'  && class == 'search-result-item' && attribute == 'href'",
    "搜索片单副标题": "selector == 'div.v-item-bottom > span' && index == 1 && text == true",
    "搜索片单链接加前缀": "https://wuwu559.space/voddetail/",
    "搜索片单链接加后缀": ".html",
    "搜索片单图片加前缀": "",
    "搜索片单图片加后缀": "",
    
    "详情是否Jsoup写法": "1",
    "年代详情": "name == 'div' && class == 'module-info-tag-link' && index == 0 && text == true",
    "地区详情": "name == 'a' && class == 'detail-tags-item' && index == 1 && text == true",
    "导演详情": "name == 'div' && class == 'module-info-item-content' && nextSiblings == 'a'",
    "演员详情": "name == 'div' && class == 'module-info-item-content' && index ==2 && nextSiblings == 'a'",
    "简介详情": "name == 'div' && class == 'module-info-introduction-content show-desc' && text == true",
    
    "线路名称数组规则": "name == 'div' && class == 'module-tab-item tab-item' && attribute == 'data-dropdown-value'",
    "播放列表数组规则": "name == 'div' && class == 'module-list sort-list tab-list his-tab-list'",
    "选集列表数组规则": "name == 'a'",
    
    "选集标题链接是否Jsoup写法": "1",
    "选集标题": "name == 'a' && text == true",
    "选集链接": "name == 'a' && attribute == 'href'",
    "是否反转选集序列": "0",
    "选集链接加前缀": "https://wuwu559.space",
    "选集链接加后缀": ""
  }
