   {
    "请求头参数": "User-Agent$手机",
    "是否开启获取首页数据": "1",
    "首页推荐链接": "http://m.ting38.com",
    "首页列表数组规则": "name == 'li' && class == 'fed-list-item fed-padding fed-col-xs4 fed-col-sm3 fed-col-md2'",
    "首页片单是否Jsoup写法": "1",
    "首页片单标题": "name == 'a'  && attribute == 'title'",
    "首页片单链接": "name == 'a'  && attribute == 'href'",
    "首页片单图片": "name == 'a' && attribute == 'data-original'",
    "首页片单副标题": "name == 'span' && class == 'fed-list-remarks' && text == true",
    "首页片单链接加前缀": "http://m.ting38.com",
    "首页片单链接加后缀": "",
    "首页片单图片加前缀": "http://m.ting38.com",
    "首页片单图片加后缀": "",
    "分类起始页码": "1", 
    "分类链接": "http://m.ting38.com/ting/{cateId}-{catePg}.html",
    "分类名称": "新番日漫#国产动漫#欧美动漫#动漫电影",
    "分类名称替换词": "1#2#3#4",
    "筛选URL编码": "1",
    "筛选子分类名称": "",
    "筛选子分类替换词": "",
    "筛选类型名称": "",
    "筛选类型替换词": "",
    "筛选地区名称": "",
    "筛选地区替换词": "",
    "筛选年份名称": "",
    "筛选年份替换词": "",
    "筛选语言名称": "",
    "筛选语言替换词": "",
    "筛选排序名称": "",
    "筛选排序替换词": "",
    
    "分类列表数组规则":"name == 'li' && class == 'fed-list-item fed-padding fed-col-xs4 fed-col-sm3 fed-col-md2'",
    "分类片单是否Jsoup写法": "1",
    "分类片单标题":  "name == 'a'   && attribute == 'title'",
    "分类片单链接":  "name == 'a'  && attribute == 'href'",
    "分类片单图片": "name == 'a'  && attribute == 'data-original'",
    "分类片单副标题":"name == 'span' && class == 'fed-list-remarks' && text == true",
    "分类片单链接加前缀": "http://m.ting38.com",
    "分类片单链接加后缀": "",
    "分类片单图片加前缀": "http://m.ting38.com",
    "分类片单图片加后缀": "",
    
    "搜索请求头参数":"User-Agent$手机",
    "搜索链接":"http://m.ting38.com/search.php?searchword={wd}",
    "POST请求数据":"",
    "搜索截取模式":"1",
    "搜索片单是否Jsoup写法": "1",
    "搜索列表数组规则":"name == 'li' && class == 'fed-list-item fed-padding fed-col-xs4 fed-col-sm3 fed-col-md2'",
    "搜索片单标题":"name == 'a'  && attribute == 'title'",
    "搜索片单链接":"name == 'a'  && attribute == 'href'",
    "搜索片单图片": "name == 'a' && attribute == 'data-original'",
    "搜索片单副标题":"name == 'span' && class == 'fed-list-remarks' && text == true",
    "搜索片单链接加前缀": "http://m.ting38.com",
    "搜索片单链接加后缀": "",
    "搜索片单图片加前缀": "",
    "搜索片单图片加后缀": "",
    
    "详情是否Jsoup写法": "1",
    "年代详情": "name == 'span' && class == 'text-muted' && string=='年份：' && nextSiblings == 'a' ",
    "地区详情": "name == 'span' && class == 'text-muted' && string=='地区：' && nextSiblings == 'a'",
    "导演详情": "name == 'span' && class == 'text-muted' && string=='导演：' && nextSiblings == 'a' ",
    "演员详情": "name == 'span' && class == 'text-muted' && string=='主演：' && nextSiblings == 'a' ",
    "简介详情": "name == 'div' && class == 'fed-part-esan'",
   
     
    "线路名称数组规则": "selector == 'ul.nav1.nav-tabs.active > li > a'",
    "播放列表数组规则": "name == 'div' && class == 'tab-pane fade in clearfix'",
    "选集列表数组规则": "name == 'a'",
    
    "选集标题链接是否Jsoup写法": "1",
    "选集标题": "name == 'a' && text == true",
    "选集链接": "name == 'a' && attribute == 'href'",
    "是否反转选集序列": "0",
    "选集链接加前缀": "http://m.ting38.com",
    "选集链接加后缀": ""
  }
