  {

  
    "请求头参数": "User-Agent$电脑",
    "是否开启获取首页数据": "0",
    "首页推荐链接": "https://www.6huo.com",
    "首页列表数组规则": "selector == 'ul.album-list.clearfix > li.album-item'",
    "首页片单是否Jsoup写法": "1",
    "首页片单标题": "name == 'img'  && attribute == 'alt'",
    "首页片单链接": "name == 'a'  && attribute == 'href'",
    "首页片单图片": "name == 'img'  && attribute == 'src'",
    "首页片单副标题":  "name == 'div'  && class == 'book-item-status'",
    "首页片单链接加前缀": "http://www.6yueting.com",
    "首页片单链接加后缀": "",
    "首页片单图片加前缀": "",
    "首页片单图片加后缀": "",
    
    "分类起始页码": "1",
    "分类链接": "https://www.6huo.com/{cateId}/{area}_{class}_{year}_{by}_{catePg}",
    "分类名称": "全部电影",
    "分类名称替换词": "movlist",
    "筛选URL编码": "1",
    "筛选子分类名称": "",
    "筛选子分类替换词": "",
    "筛选类型名称": "全部#剧情#喜剧#惊悚#爱情#动作#犯罪#冒险#悬疑#奇幻#科幻#恐怖#家庭#动画#历史#传记#灾难#战争#武侠#同性#纪录片#短片",
    "筛选类型替换词": "#剧情#喜剧#惊悚#爱情#动作#犯罪#冒险#悬疑#奇幻#科幻#恐怖#家庭#动画#历史#传记#灾难#战争#武侠#同性#纪录片#短片",
    "筛选地区名称": "全部#美国#中国大陆#中国香港#中国台湾#日本#韩国#泰国#印度#俄罗斯#英国#法国#德国#加拿大#澳大利亚#西班牙#意大利#比利时",
    "筛选地区替换词": "#美国#中国大陆#中国香港#中国台湾#日本#韩国#泰国#印度#俄罗斯#英国#法国#德国#加拿大#澳大利亚#西班牙#意大利#比利时",
    "筛选年份名称": "全部#2025#2024#2023#2022#2021#2020#2019#2018#2017#2016#2015#2014",
    "筛选年份替换词": "#2025#2024#2023#2022#2021#2020#2019#2018#2017#2016#2015#2014",
    "筛选语言名称": "",
    "筛选语言替换词": "",
    "筛选排序名称": "最近更新#上映日期#热门",
    "筛选排序替换词": "#pubtime#hot",
    
    "分类列表数组规则":"selector == 'div.inner-2col-main > div.movlist > ul > li'",
    "分类片单是否Jsoup写法": "1",
    "分类片单标题": "name == 'img' && attribute == 'alt'",
    "分类片单链接": "name == 'a' && attribute == 'href'",
    "分类片单图片": "name == 'img' && attribute == 'src'",
    "分类片单副标题":"name == 'span' && class == 'item-pubtime'",
    "分类片单链接加前缀": "https://www.6huo.com",
    "分类片单链接加后缀": "",
    "分类片单图片加前缀": "https://images.weserv.nl/?w=300&h=300&url=https://www.6huo.com",
    "分类片单图片加后缀": "",
    
    "搜索请求头参数": "User-Agent$手机",
    "搜索链接": "http://m.ychy.org/search.asp?searchword={wd}",
    "POST请求数据": "",
    "搜索截取模式": "0",
    "搜索列表数组规则": "selector == 'div.bookbox'",
    "搜索片单是否Jsoup写法": "1",
    "搜索片单图片": "name == 'img'   && attribute == 'src'",
    "搜索片单标题": "name == 'h4'   && attribute == 'bookname'",
    "搜索片单链接": "name == 'div'  && class == 'bookbox' && attribute == 'bookid'",
    "搜索片单副标题": "name == 'div'  && class == 'update'",
    "搜索片单链接加前缀": "http://m.ychy.org/book/",
    "搜索片单链接加后缀": ".html",
    "搜索片单图片加前缀": "",
    "搜索片单图片加后缀": "",
    
    "详情是否Jsoup写法": "0",
    "年代详情": "上映：</span>&&<",
    "地区详情": "",
    "导演详情": "导演：</span>&&</a>",
    "演员详情": "主演：</span>&&<br",
    "简介详情": "<div class=\"main-textbox\">&&</div>",
    
    "线路名称数组规则": "",
    "播放列表数组规则":  "selector == 'table.tlist > tbody '",
    "选集列表数组规则": "name == 'a' && class=='tlist-bbs-tdtitle'",
    
    "选集标题链接是否Jsoup写法": "1",
    "选集标题": "name == 'a' && text == true",
    "选集链接": "name == 'a' && attribute == 'href'",
    "是否反转选集序列": "0",
    "选集链接加前缀": "https://www.6huo.com",
    "选集链接加后缀": ""
  }
