   {
    "请求头参数": "User-Agent$电脑",
    "是否开启获取首页数据": "1",
    "首页推荐链接": "http://www.dmand5.com",
    "首页列表数组规则": "selector == 'ul > li'",
    "首页片单是否Jsoup写法": "1",
    "首页片单标题": "name == 'a'  && class == 'ymjname' && attribute == 'title'",
    "首页片单链接": "name == 'a'  && class == 'ymjname' && attribute == 'href'",
    "首页片单图片": "name == 'img' && attribute == 'src'",
    "首页片单副标题": "name == 'p' && class == 'time' && index=='1' && text == true",
    "首页片单链接加前缀": "http://www.dmand5.com",
    "首页片单链接加后缀": "",
    "首页片单图片加前缀": "",
    "首页片单图片加后缀": "",
    
    
    "分类起始页码": "1", 
    "分类链接": "http://www.dmand5.com/vod-list-id-{cateId}-pg-{catePg}-order--by-{by}-class-0-year-{year}-letter--area--lang-.html",
    "分类名称": "新番连载#热门动漫#完结日漫#剧场动漫",
    "分类名称替换词": "1#4#3#16",
    "筛选URL编码": "1",
    "筛选子分类名称": "",
    "筛选子分类替换词": "",
    "筛选类型名称": "",
    "筛选类型替换词": "",
    "筛选地区名称": "",
    "筛选地区替换词": "",
    "筛选年份名称": "全部#2024#2023#2022#2021#2020#2019#2018#2017#2016#2015#2014#2013#2012#2011#2010#2009#2008#2007#2006#2005#2004#2003#2002#2001#2000",
    "筛选年份替换词": "#2024#2023#2022#2021#2020#2019#2018#2017#2016#2015#2014#2013#2012#2011#2010#2009#2008#2007#2006#2005#2004#2003#2002#2001#2000#2024#2023#2022#2021#2020#2019#2018#2017#2016#2015#2014#2013#2012#more",
    "筛选语言名称": "",
    "筛选语言替换词": "",
    "筛选排序名称": "更新#得分#总排行",
    "筛选排序替换词": "#score#hits",
    "分类列表数组规则":"name == 'div' && class == 'cn_box2'",
    "分类片单是否Jsoup写法": "1",
    "分类片单标题":  "name == 'a' && attribute == 'title'",
    "分类片单链接":  "name == 'a' && attribute == 'href'",
    "分类片单图片": "name == 'img'  && attribute == 'src'",
    "分类片单副标题":"selector == 'span > font'",
    "分类片单链接加前缀": "http://www.dmand5.com",
    "分类片单链接加后缀": "",
    "分类片单图片加前缀": "http://www.dmand5.com",
    "分类片单图片加后缀": "",
    
    "搜索请求头参数":"User-Agent$电脑",
    "搜索链接":"http://www.dmand5.com/index.php?m=vod-search",
    "POST请求数据":"wd={wd}",
    "搜索截取模式":"1",
    "搜索片单是否Jsoup写法": "1",
    "搜索列表数组规则":"name == 'div' && class == 'cn_box2'",
    "搜索片单标题":"name == 'a'  && attribute == 'title'",
    "搜索片单链接":"name == 'a'  && attribute == 'href'",
    "搜索片单图片": "name == 'img'  && attribute == 'src'",
    "搜索片单副标题":"selector == 'span > font'",
    "搜索片单链接加前缀": "http://www.dmand5.com",
    "搜索片单链接加后缀": "",
    "搜索片单图片加前缀": "http://www.dmand5.com",
    "搜索片单图片加后缀": "",
    
    "详情是否Jsoup写法": "1",
    "年代详情": "name == 'span' && class == 'text-muted' && string=='年份：' && nextSiblings == 'a' ",
    "地区详情": "name == 'label' && string=='地区：' && text == true",
    "导演详情": "name == 'span' && class == 'text-muted' && string=='导演：' && nextSiblings == 'a' ",
    "演员详情": "name == 'span' && class == 'text-muted' && string=='主演：' && nextSiblings == 'a' ",
    "简介详情": "name == 'div' && class == 'des'",
   
     
    "线路名称数组规则": "name == 'label' && class == 't1a22bs_'",
    "播放列表数组规则": "name == 'div' && class == 'tabs-list'",
    "选集列表数组规则": "name == 'a'",
    
    "选集标题链接是否Jsoup写法": "1",
    "选集标题": "name == 'a' && text == true",
    "选集链接": "name == 'a' && attribute == 'href'",
    "是否反转选集序列": "0",
    "选集链接加前缀": "http://www.dmand5.com",
    "选集链接加后缀": ""
  }
