 {
    "规则名": "奇米动漫",
    "请求头参数": "User-Agent$电脑#Referer$https://www.qimiqimi.net",
    
    "是否开启获取首页数据": "0",
    "首页推荐链接": "https://www.qimiqimi.net",
    "首页列表数组规则": "selector == 'ul.img-list > li'",
    "首页片单是否Jsoup写法": "1",
    "首页片单标题": "name == 'a'  && attribute == 'title'",
    "首页片单链接": "name == 'a'  && attribute == 'href'",
    "首页片单图片": "name == 'img'  && attribute == 'src'",
    "首页片单副标题": "name == 'i'  && text == true",
    "首页片单链接加前缀": "https://www.qimiqimi.net",
    "首页片单链接加后缀": "",
    "首页片单图片加前缀": "",
    "首页片单图片加后缀": "",
    
    "分类起始页码": "1",
    "分类链接": "https://www.qimiqimi.net/show/{cateId}/by/{by}/page/{catePg}/year/{year}.html",
    "分类名称": "新番连载#完结番组#热门国漫#剧场OVA",
    "分类名称替换词": "xinfan#riman#guoman#jcdm",
    "筛选URL编码": "1",
    "筛选子分类名称": "",
    "筛选子分类替换词": "",
    "筛选类型名称": "",
    "筛选类型替换词": "",
    "筛选地区名称": "",
    "筛选地区替换词": "",
    "筛选年份名称": "全部#2024#2023#2022#2021#2020#2019#2018#2017#2016#2015#2014#2013#2012#2011#2010#2009#2008#2007#2006#2005#2004#2003#2002#2001#2000",
    "筛选年份替换词": "#2024#2023#2022#2021#2020#2019#2018#2017#2016#2015#2014#2013#2012#2011#2010#2009#2008#2007#2006#2005#2004#2003#2002#2001#2000",
    "筛选语言名称": "",
    "筛选语言替换词": "",
    "筛选排序名称": "时间#人气#评分",
    "筛选排序替换词": "#hits#score",
    
    "分类列表数组规则": "selector == 'ul.img-list > li'",
    "分类片单是否Jsoup写法": "1",
    "分类片单标题":  "name == 'a'  && attribute == 'title'",
    "分类片单链接":  "name == 'a'  && attribute == 'href'",
    "分类片单图片": "name == 'img'  && attribute == 'src'",
    "分类片单副标题":"name == 'i'  && text == true",
    "分类片单链接加前缀": "https://www.qimiqimi.net",
    "分类片单链接加后缀": "",
    "分类片单图片加前缀": "",
    "分类片单图片加后缀": "",
    
    "搜索请求头参数": "User-Agent$电脑#Referer$https://www.qimiqimi.net",
    "搜索链接": "https://www.qimiqimi.net/vod/search.html?wd={wd}",
    "POST请求数据": "",
    "搜索截取模式": "1",
    "搜索列表数组规则":  "selector == 'ul.show-list > li'",
    "搜索片单是否Jsoup写法": "1",
    "搜索片单图片": "name == 'img'  && attribute == 'src'",
    "搜索片单标题": "name == 'img'  && attribute == 'alt'",
    "搜索片单链接": "name == 'a'  && attribute == 'href'",
    "搜索片单副标题": "selector == 'dl.fn-left > dd > span'",
    "搜索片单链接加前缀": "https://www.qimiqimi.net",
    "搜索片单链接加后缀": "",
    "搜索片单图片加前缀": "",
    "搜索片单图片加后缀": "",
    
    "详情是否Jsoup写法": "1",
    "年代详情": "name == 'dl' && class == 'fn-right' && string=='年份：' && nextSiblings == 'a'",
    "地区详情": "name == 'dl' && class == 'fn-right' && string=='地区：' && nextSiblings == 'a'",
    "导演详情": "selector == 'dl.fn-right > dd' && nextSiblings == 'a'",
    "演员详情": "selector == 'dl.nyzhuy > dd' && nextSiblings == 'a'",
    "简介详情": "selector == 'dl.juqing > dd'",
   
     
    "线路名称数组规则": "selector == 'div.down-title > h2'",
    "播放列表数组规则": "name == 'div' && class == 'video_list'",
    "选集列表数组规则": "name == 'a'",
    
    "选集标题链接是否Jsoup写法": "1",
    "选集标题": "name == 'a' && text == true",
    "选集链接": "name == 'a' && attribute == 'href'",
    "是否反转选集序列": "0",
    "选集链接加前缀": "https://www.qimiqimi.net",
    "选集链接加后缀": ""
  }
