   {
    "规则名": "七味",
    "请求头参数": "User-Agent$电脑#Referer$https://www.qnmp4.com",
    
    "是否开启获取首页数据": "1",
    "首页推荐链接": "https://www.qnmp4.com",
    "首页列表数组规则": "",
    "首页片单是否Jsoup写法": "1",
    "首页片单标题": "",
    "首页片单链接": "",
    "首页片单图片": "",
    "首页片单副标题": "",
    "首页片单链接加前缀": "https://www.qnmp4.com",
    "首页片单链接加后缀": "",
    "首页片单图片加前缀": "",
    "首页片单图片加后缀": "",
    
    "分类起始页码": "1",
    "分类链接": "https://www.qnmp4.com/ms/{cateId}-{area}-{by}-{class}-----{catePg}---{year}.html",
    "分类名称": "电影#剧集#综艺#动漫#短剧",
    "分类名称替换词": "1#2#3#4#30",
    "筛选URL编码": "1",
    "筛选子分类名称": "",
    "筛选子分类替换词": "",
    "筛选类型名称": "全部#剧情#科幻#动作#喜剧#爱情#冒险#儿童#歌舞#音乐#奇幻#动画#恐怖#惊悚#丧尸#战争#传记#纪录#犯罪#悬疑#西部#灾难#古装#武侠#家庭#短片#校园#文艺#运动#青春#同性#励志#人性#美食#女性#治愈#历史||全部#剧情#科幻#动作#喜剧#爱情#冒险#儿童#歌舞#音乐#奇幻#动画#恐怖#惊悚#丧尸#战争#传记#纪录#犯罪#悬疑#西部#灾难#古装#武侠#家庭#短片#校园#文艺#运动#青春#同性#励志#人性#美食#女性#治愈#历史||全部#真人秀#脱口秀#选秀#情感#喜剧#访谈#播报#旅游#音乐#美食#纪实#曲艺#生活#游戏#财经#求职#体育#MV#纪录||全部#剧情#萌系#科幻#日常#战斗#战争#热血#机战#游戏#搞笑#恋爱#后宫#百合#基腐#冒险#儿童#歌舞#音乐#奇幻#恐怖#惊悚#犯罪#悬疑#西部#灾难#古装#武侠#泡面#校园#运动#体育#青春#美食#治愈#致郁#励志#历史#其他||全部#短剧#古装#复仇#强者#悬疑#甜宠#神豪#穿越#虐恋#逆袭#重生#萌宝",
    "筛选类型替换词": "#剧情#科幻#动作#喜剧#爱情#冒险#儿童#歌舞#音乐#奇幻#动画#恐怖#惊悚#丧尸#战争#传记#纪录#犯罪#悬疑#西部#灾难#古装#武侠#家庭#短片#校园#文艺#运动#青春#同性#励志#人性#美食#女性#治愈#历史||#剧情#科幻#动作#喜剧#爱情#冒险#儿童#歌舞#音乐#奇幻#动画#恐怖#惊悚#丧尸#战争#传记#纪录#犯罪#悬疑#西部#灾难#古装#武侠#家庭#短片#校园#文艺#运动#青春#同性#励志#人性#美食#女性#治愈#历史||#真人秀#脱口秀#选秀#情感#喜剧#访谈#播报#旅游#音乐#美食#纪实#曲艺#生活#游戏#财经#求职#体育#MV#纪录||#剧情#萌系#科幻#日常#战斗#战争#热血#机战#游戏#搞笑#恋爱#后宫#百合#基腐#冒险#儿童#歌舞#音乐#奇幻#恐怖#惊悚#犯罪#悬疑#西部#灾难#古装#武侠#泡面#校园#运动#体育#青春#美食#治愈#致郁#励志#历史#其他||#短剧#古装#复仇#强者#悬疑#甜宠#神豪#穿越#虐恋#逆袭#重生#萌宝",
    "筛选地区名称": "全部#大陆#香港#台湾#日本#韩国#泰国#美国#英国#法国#德国#印度#丹麦#瑞典#荷兰#加拿大#俄罗斯#意大利#比利时#西班牙#澳大利亚#其他",
    "筛选地区替换词": "#大陆#香港#台湾#日本#韩国#泰国#美国#英国#法国#德国#印度#丹麦#瑞典#荷兰#加拿大#俄罗斯#意大利#比利时#西班牙#澳大利亚#其他",
    "筛选年份名称": "全部#2024#2023#2022#2021#2020#2019#2018#2017#2016#2015#2014#2013#2012#2011#2010",
    "筛选年份替换词": "#2024#2023#2022#2021#2020#2019#2018#2017#2016#2015#2014#2013#2012#2011#2010",
    "筛选语言名称": "",
    "筛选语言替换词": "",
    "筛选排序名称": "时间#人气#评分",
    "筛选排序替换词": "#hits#score",
    
    "分类列表数组规则":"selector == 'ul.content-list > li'",
    "分类片单是否Jsoup写法": "1",
    "分类片单标题":  "name == 'a'  && attribute == 'title'",
    "分类片单链接":  "name == 'a'  && attribute == 'href'",
    "分类片单图片": "name == 'img'  && attribute == 'src'",
    "分类片单副标题":"name == 'span' && class == 'bottom2' && text == true",
    "分类片单链接加前缀": "https://www.qnmp4.com",
    "分类片单链接加后缀": "",
    "分类片单图片加前缀": "",
    "分类片单图片加后缀": "",
    
    "搜索请求头参数":"User-Agent$电脑#Referer$https://www.qnmp4.com",
    "搜索链接":"https://www.qnmp4.com/index.php/ajax/suggest?mid=1&wd={wd}",
    "POST请求数据":"",
    "搜索截取模式":"0",
    "搜索片单是否Jsoup写法": "1",
    "搜索列表数组规则":"name == 'div' && class == 'module-card-item module-item'",
    "搜索片单标题":"name == 'img' && attribute == 'alt'",
    "搜索片单链接":"name == 'a' && attribute == 'href'",
    "搜索片单图片": "",
    "搜索片单副标题":"",
    "搜索片单链接加前缀": "https://www.qnmp4.com/mv/",
    "搜索片单链接加后缀": ".html",
    "搜索片单图片加前缀": "",
    "搜索片单图片加后缀": "",
    
    "详情是否Jsoup写法": "1",
    "年代详情": "name == 'span' && class == 'year'",
    "地区详情": "name == 'span' && string == '地区：' && nextSiblings == 'a' ",
    "导演详情": "name == 'span' && string == '导演：' && nextSiblings == 'a' ",
    "演员详情": "name == 'span' && string == '主演：' && nextSiblings == 'a' ",
    "简介详情": "selector == 'p.zkjj_a' && text == true",
   
     
    "线路名称数组规则": "",
    "播放列表数组规则": "name == 'ul' && class == 'player ckp gdt bf-w'",
    "选集列表数组规则": "name == 'a'",
    
    "选集标题链接是否Jsoup写法": "1",
    "选集标题": "name == 'a' && text == true",
    "选集链接": "name == 'a' && attribute == 'href'",
    "是否反转选集序列": "0",
    "选集链接加前缀": "https://www.qnmp4.com",
    "选集链接加后缀": ""
  }
