  {
    "规则名": "影视工厂",
    "请求头参数": "User-Agent$电脑#Referer$https://www.ysgc.fun",
    
    "是否开启获取首页数据": "1",
    "首页推荐链接": "https://www.ysgc.fun",
    "首页列表数组规则": "name == 'li'  && class == 'col-lg-5 col-md-6 col-sm-4 col-xs-3'",
    "首页片单是否Jsoup写法": "1",
    "首页片单标题": "name == 'a'  && class == 'myui-vodlist__thumb lazyload' && attribute == 'title'",
    "首页片单链接": "name == 'a'  && class == 'myui-vodlist__thumb lazyload' && attribute == 'href'",
    "首页片单图片": "name == 'a'  && class == 'myui-vodlist__thumb lazyload' && attribute == 'data-original'",
    "首页片单副标题": "name == 'span'  && class == 'pic-text text-right' && text == true",
    "首页片单链接加前缀": "https://www.ysgc.fun",
    "首页片单链接加后缀": "",
    "首页片单图片加前缀": "",
    "首页片单图片加后缀": "",
    
    "分类起始页码": "1",
    "分类链接": "https://www.ysgc.fun/vodshow/{cateId}-{area}-{by}-{class}-----{catePg}---{year}.html",
    "分类名称": "电影#连续剧#动漫#综艺",
    "分类名称替换词": "1#2#4#3",
    "筛选URL编码": "1",
    "筛选子分类名称": "",
    "筛选子分类替换词": "",
    "筛选类型名称": "全部#动作#喜剧#爱情#科幻#恐怖#悬疑#惊悚#犯罪#剧情#战争#动画#奇幻#武侠#古装#冒险#历史#歌舞#家庭#网络||全部#爱情#古装#悬疑#惊悚#恐怖#剧情#现代#都市#偶像#悬疑#农村#历史#警匪#家庭#奇幻#武侠#科幻#犯罪#谍战#穿越#宫廷#神话#网剧||全部#情感#科幻#热血#推理#搞笑#冒险#萝莉#校园#动作#机战#运动#战争#少年#少女#社会#原创#亲子#益智#励志#其他||全部#搞笑#真人秀#职场#竞技#婚恋#情感#旅游#生活#闯关#游戏#纪实#明星#访谈#脱口秀",
    "筛选类型替换词": "#动作#喜剧#爱情#科幻#恐怖#悬疑#惊悚#犯罪#剧情#战争#动画#奇幻#武侠#古装#冒险#历史#歌舞#家庭#网络||#爱情#古装#悬疑#惊悚#恐怖#剧情#现代#都市#偶像#悬疑#农村#历史#警匪#家庭#奇幻#武侠#科幻#犯罪#谍战#穿越#宫廷#神话#网剧||#情感#科幻#热血#推理#搞笑#冒险#萝莉#校园#动作#机战#运动#战争#少年#少女#社会#原创#亲子#益智#励志#其他||#搞笑#真人秀#职场#竞技#婚恋#情感#旅游#生活#闯关#游戏#纪实#明星#访谈#脱口秀",
    "筛选地区名称": "全部#内地#香港#台湾#日本#韩国#泰国#美国#印度#法国#英国#俄罗斯#德国#西班牙#意大利#澳大利亚#荷兰||全部#内地#香港#台湾#日本#韩国#泰国#美国#印度#德国#法国||全部#国产#日本#欧美#其他||全部#内地#港台#日韩#欧美",
    "筛选地区替换词": "#内地#香港#台湾#日本#韩国#泰国#美国#印度#法国#英国#俄罗斯#德国#西班牙#意大利#澳大利亚#荷兰||#内地#香港#台湾#日本#韩国#泰国#美国#印度#德国#法国||#国产#日本#欧美#其他||#内地#港台#日韩#欧美",
    "筛选年份名称": "全部#2024#2023#2022#2021#2020#2019#2018#2017#2016#2015#2014#2013#2012#2011#2010#2009#2008#2007#2006#2005#2004#2003#2002#2001#2000#90年代#80年代#70年代#其他||全部#2024#2023#2022#2021#2020#2019#2018#2017#2016#2015#2014#2013#2012#2011#2010#2009#2008#2007#2006#2005#2004||全部#2024#2023#2022#2021#2020#2019#2018#2017#2016#2015#2014#2013#2012#2011#2010#2009#2008#2007#2006#2005#2004#2003#2002#2001#2000||全部#2024#2023#2022#2021#2020#2019#2018#2017#2016#2015#2014#2013#2012#2011#2010#2009#2008#2007#2006#2005#2004#2003#2002#2001#2000",
    "筛选年份替换词": "#2024#2023#2022#2021#2020#2019#2018#2017#2016#2015#2014#2013#2012#2011#2010#2009#2008#2007#2006#2005#2004#2003#2002#2001#2000#90年代#80年代#70年代#其他||#2024#2023#2022#2021#2020#2019#2018#2017#2016#2015#2014#2013#2012#2011#2010#2009#2008#2007#2006#2005#2004||#2024#2023#2022#2021#2020#2019#2018#2017#2016#2015#2014#2013#2012#2011#2010#2009#2008#2007#2006#2005#2004#2003#2002#2001#2000||#2024#2023#2022#2021#2020#2019#2018#2017#2016#2015#2014#2013#2012#2011#2010#2009#2008#2007#2006#2005#2004#2003#2002#2001#2000",
    "筛选语言名称": "",
    "筛选语言替换词": "",
    "筛选排序名称": "时间#人气#评分",
    "筛选排序替换词": "#hits_week#score",
    
    "分类列表数组规则": "name == 'li'  && class == 'col-lg-7 col-md-6 col-sm-4 col-xs-3'",
    "分类片单是否Jsoup写法": "1",
    "分类片单标题":  "name == 'a'  && class == 'myui-vodlist__thumb lazyload' && attribute == 'title'",
    "分类片单链接":  "name == 'a'  && class == 'myui-vodlist__thumb lazyload' && attribute == 'href'",
    "分类片单图片": "name == 'a'  && class == 'myui-vodlist__thumb lazyload' && attribute == 'data-original'",
    "分类片单副标题":"name == 'span'  && class == 'pic-text text-right' && text == true",
    "分类片单链接加前缀": "https://www.ysgc.fun",
    "分类片单链接加后缀": "",
    "分类片单图片加前缀": "",
    "分类片单图片加后缀": "",
    
    "搜索请求头参数": "User-Agent$电脑#Referer$https://www.ysgc.fun",
    "搜索链接": "https://wuwu88.life/index.php/ajax/suggest?mid=1&wd={wd}",
    "POST请求数据": "",
    "搜索截取模式": "0",
    "搜索列表数组规则": "selector == '.search-result-item'",
    "搜索片单是否Jsoup写法": "1",
    "搜索片单图片": "selector == 'div.search-result-item-pic > img' && index == 1 && attribute == 'data-original'",
    "搜索片单标题": "selector == 'div.search-result-item-pic > img' && index == 1 && attribute == 'title'",
    "搜索片单链接": "name == 'a'  && class == 'search-result-item' && attribute == 'href'",
    "搜索片单副标题": "selector == 'div.v-item-bottom > span' && index == 1 && text == true",
    "搜索片单链接加前缀": "https://wuwu88.life/voddetail/",
    "搜索片单链接加后缀": ".html",
    "搜索片单图片加前缀": "",
    "搜索片单图片加后缀": "",
    
    "详情是否Jsoup写法": "1",
    "年代详情": "name == 'span' && class == 'year' && text == true",
    "地区详情": "name == 'span' && class == 'text-muted' && string=='地区：' && nextSiblings == 'a'",
    "导演详情": "name == 'span' && class == 'text-muted' && string=='导演：' && nextSiblings == 'a'",
    "演员详情": "name == 'span' && class == 'text-muted' && string=='主演：' && nextSiblings == 'a'",
    "简介详情": "selector == 'span.data > p'",
    
     
    "线路名称数组规则": "selector == 'ul.nav.nav-tabs.active > li'",
    "播放列表数组规则": "name == 'ul' && class == 'myui-content__list'",
    "选集列表数组规则": "name == 'a'",
    
    "选集标题链接是否Jsoup写法": "1",
    "选集标题": "name == 'a' && text == true",
    "选集链接": "name == 'a' && attribute == 'href'",
    "是否反转选集序列": "0",
    "选集链接加前缀": "https://www.ysgc.fun",
    "选集链接加后缀": ""
  }
