   {
    "请求头参数": "User-Agent$电脑",
    "是否开启获取首页数据": "1",
    "首页推荐链接": "https://www.zxzja.com",
    "首页列表数组规则": "name == 'div'  && class == 'stui-vodlist__box'",
    "首页片单是否Jsoup写法": "1",
    "首页片单标题": "name == 'a'  && class == 'stui-vodlist__thumb' && attribute == 'title'",
    "首页片单链接": "name == 'a' && class == 'stui-vodlist__thumb'  && attribute == 'href'",
    "首页片单图片": "name == 'a' && class == 'stui-vodlist__thumb' && attribute == 'data-original'",
    "首页片单副标题": "name == 'span' && class == 'pic-text text-right'",
    "首页片单链接加前缀": "https://www.zxzja.com",
    "首页片单链接加后缀": "",
    "首页片单图片加前缀": "",
    "首页片单图片加后缀": "",
    
    
    "分类起始页码": "1", 
    "分类链接": "https://www.zxzja.com/vodshow/{cateId}--{by}-{class}-----{catePg}---{year}.html",
    "分类名称": "电影#美剧#韩剧#日剧#泰剧#动漫",
    "分类名称替换词": "1#2#3#4#5#6",
    "筛选URL编码": "1",
    "筛选子分类名称": "",
    "筛选子分类替换词": "",
    "筛选类型名称": "全部#喜剧#爱情#恐怖#动作#科幻#剧情#战争#警匪#犯罪#动画#奇幻#冒险||全部#喜剧#爱情#动作#悬疑#恐怖#奇幻#惊悚#犯罪#科幻#音乐#其他||全部#喜剧#爱情#动作#悬疑#恐怖#奇幻#惊悚#犯罪#科幻#音乐#其他||全部#喜剧#爱情#动作#悬疑#恐怖#奇幻#惊悚#犯罪#科幻#音乐#其他||空||全部#情感#科幻#热血#推理#搞笑#冒险#萝莉#校园#动作#机战#运动#战争#少年",
    "筛选类型替换词": "#喜剧#爱情#恐怖#动作#科幻#剧情#战争#警匪#犯罪#动画#奇幻#冒险||#喜剧#爱情#动作#悬疑#恐怖#奇幻#惊悚#犯罪#科幻#音乐#其他||#喜剧#爱情#动作#悬疑#恐怖#奇幻#惊悚#犯罪#科幻#音乐#其他||#喜剧#爱情#动作#悬疑#恐怖#奇幻#惊悚#犯罪#科幻#音乐#其他||空||#情感#科幻#热血#推理#搞笑#冒险#萝莉#校园#动作#机战#运动#战争#少年",
    "筛选地区名称": "",
    "筛选地区替换词": "",
    "筛选年份名称": "全部#2024#2023#2022#2021#2020#2019#2018#2017#2016#2015#2014#2013#2012#2011#2010#2009#2008#2007",
    "筛选年份替换词": "#2024#2023#2022#2021#2020#2019#2018#2017#2016#2015#2014#2013#2012#2011#2010#2009#2008#2007",
    "筛选语言名称": "",
    "筛选语言替换词": "",
    "筛选排序名称": "时间#人气#评分",
    "筛选排序替换词": "#hits#score",
    "分类列表数组规则":"name == 'div'  && class == 'stui-vodlist__box'",
    "分类片单是否Jsoup写法": "1",
    "分类片单标题":  "name == 'a'  && class == 'stui-vodlist__thumb' && attribute == 'title'",
    "分类片单链接": "name == 'a'  && class == 'stui-vodlist__thumb' && attribute == 'href'",
    "分类片单图片":  "name == 'a' && class == 'stui-vodlist__thumb' && attribute == 'data-original'",
    "分类片单副标题":"name == 'span' && class == 'pic-text text-right'",
    "分类片单链接加前缀": "https://www.zxzja.com",
    "分类片单链接加后缀": "",
    "分类片单图片加前缀": "",
    "分类片单图片加后缀": "",
    
    "搜索请求头参数":"User-Agent$电脑",
    "搜索链接":"https://www.zxzja.com/vodsearch/-------------.html?wd={wd}",
    "POST请求数据":"",
    "搜索截取模式":"1",
    "搜索片单是否Jsoup写法": "1",
    "搜索列表数组规则":"",
    "搜索片单标题":"",
    "搜索片单链接":"",
    "搜索片单图片": "",
    "搜索片单副标题":"",
    "搜索片单链接加前缀": "",
    "搜索片单链接加后缀": "",
    "搜索片单图片加前缀": "",
    "搜索片单图片加后缀": "",
    
    "详情是否Jsoup写法": "0",
    "年代详情": "年份：&&</p>",
    "地区详情": "地区：&&/",
    "导演详情": "导演：&&</p>",
    "演员详情": "主演：&&</p>",
    "简介详情": "<span class=\"detail-sketch\">&&</span>",
   
     
    "线路名称数组规则": "selector == 'div.stui-vodlist__head > h3' && index == 1",
    "播放列表数组规则": "name == 'ul'  && class == 'stui-content__playlist'",
    "选集列表数组规则": "name == 'a'",
    "选集标题链接是否Jsoup写法": "1",
    "选集标题": "name == 'a' && text == true",
    "选集链接": "name == 'a' && attribute == 'href'",
    "是否反转选集序列": "0",
    "选集链接加前缀": "https://www.zxzja.com",
    "选集链接加后缀": ""
  }
